id,predicted
329273,208
133046,489
960346,438
727148,406
162411,104
549402,277
113051,156
568162,323
743215,565
239662,242
763984,77
975459,535
729196,230
803990,139
805679,512
449487,168
177712,190
652485,254
340139,378
621863,288
546215,455
218241,251
718252,473
552147,307
409475,423
401992,490
752755,341
341149,286
182029,308
224937,244
135997,516
863056,318
814726,74
738398,192
359096,496
506425,486
881246,552
440996,371
798683,557
822315,430
756681,415
987888,227
860961,437
568375,421
537031,187
971568,146
285401,235
883240,171
978876,426
522559,417
446379,144
879514,351
686303,228
501790,433
169184,567
762864,522
394415,505
693818,511
357791,153
950901,106
921363,303
315923,242
216877,380
691181,243
822481,503
195442,205
531290,317
818439,537
160087,156
126810,405
800459,97
114956,490
725056,112
845503,235
643464,76
263388,75
875070,415
722445,232
378060,236
428130,316
665374,177
290306,172
363180,316
667442,229
591096,165
864419,471
379584,327
341237,547
502766,77
848231,510
682708,301
581563,185
433264,148
506461,306
943058,228
635031,453
635393,425
415443,108
545561,271
686421,297
678939,386
217544,106
124195,418
260064,120
108655,256
936006,475
397498,441
461188,256
268125,545
568413,509
370680,539
187530,409
753433,436
748185,105
121887,409
476943,120
556666,504
689288,209
151097,286
189883,205
387127,273
599575,114
657754,339
836817,358
481934,547
213789,494
653404,460
789095,142
440493,393
616853,133
727562,554
644559,504
324985,418
734985,439
587442,550
460020,416
866589,562
863178,169
122527,445
986251,149
505678,292
638731,515
885224,91
820214,301
727453,511
506388,560
464616,390
630245,386
401253,305
413477,416
127274,328
656906,463
163170,95
850986,215
471533,425
683305,135
561059,480
616507,99
139198,476
644962,452
453948,264
829887,217
882638,122
238953,527
557115,235
660322,163
503525,252
479933,177
170980,385
797224,77
189210,550
917034,121
956865,434
633391,417
774002,148
473624,200
975741,123
838807,328
672234,404
174566,522
543461,275
673389,554
628956,554
574578,413
101508,371
687233,401
359492,532
656621,226
686205,242
320094,226
714058,315
689704,318
743402,294
150343,478
518700,187
330944,267
244172,561
187294,240
458287,486
117584,171
543873,119
200458,326
439559,480
120106,556
979155,502
906040,554
569439,390
409331,510
387244,515
614508,401
250441,238
439801,432
205264,82
477069,346
992713,526
990489,358
842529,486
137750,224
883016,263
155134,80
967741,470
490169,493
520780,511
304788,353
955374,486
524757,214
373404,363
772558,80
305733,538
404310,304
498450,153
664729,163
740366,499
384405,520
783725,553
871320,148
630826,233
346569,235
575546,476
952137,486
643985,534
620538,478
105656,320
559267,172
832674,529
414953,516
658999,308
807012,338
252331,274
797109,212
610448,196
400414,499
389513,378
248468,119
127913,508
369315,546
149810,309
615530,157
724512,163
140633,485
346774,327
588643,549
494183,96
885743,496
199749,427
511570,202
511619,330
739360,490
132490,217
629771,555
767457,109
259073,227
460771,379
463649,483
854895,552
207520,349
771622,388
388045,269
259233,232
853348,394
330635,295
917709,463
212429,261
309124,401
877320,388
510758,292
788045,317
497492,473
271583,110
475531,339
232760,425
214753,556
919258,371
357949,410
712599,311
721529,509
645517,341
211497,353
486739,261
732783,307
479106,372
108511,347
851739,427
329136,363
126045,212
496394,232
818276,138
870921,118
676463,312
274835,424
341471,330
187537,164
460554,281
263552,299
839239,495
148453,293
615510,556
524110,333
623800,232
336805,186
928619,149
893479,171
183748,487
798412,341
887969,302
378435,201
815458,288
866327,160
382419,297
361154,290
710190,492
969496,567
388178,402
538473,392
220021,224
361691,153
123895,255
967337,129
254631,553
349091,280
137692,213
294984,424
306828,528
546508,392
777089,528
397661,310
652460,289
728609,144
644133,531
614211,370
680535,392
249025,451
210667,475
624430,527
595158,490
728344,214
129368,228
224654,116
727900,185
495757,451
102103,438
171163,290
123974,344
250937,339
832240,116
174032,324
718511,176
445148,218
549674,190
816561,460
336899,109
851079,103
898340,438
192493,415
528251,534
350811,333
313428,371
578347,94
967769,214
162887,562
615969,133
874843,196
460240,199
188995,383
249755,310
752615,75
964596,530
338598,397
501366,422
236084,484
962556,485
327882,289
873476,437
517902,479
484170,527
245962,320
703984,514
563790,294
370192,200
244937,118
354025,156
492075,404
908547,254
593339,196
132865,373
352805,401
866073,290
981579,363
698412,566
509919,427
728404,363
918583,70
142598,149
748669,67
849805,349
854612,188
653854,366
171115,119
215338,270
282460,223
623146,358
525303,529
710333,405
723025,279
915198,144
219351,461
974806,551
127439,242
545917,335
604503,470
872111,330
902296,183
122117,177
311771,67
153747,449
700394,251
679132,83
945515,462
576627,312
971541,231
634739,414
730245,467
222424,351
331421,82
779494,237
869093,310
410756,245
870991,288
245791,82
221660,281
893587,122
796133,476
446996,296
265128,220
451141,275
937273,450
980099,219
178198,307
399001,531
615721,477
639839,523
770421,387
556434,173
556802,551
960891,456
462890,240
914213,207
978734,457
253275,138
377673,150
518316,351
374419,97
431290,74
665390,284
478340,522
154693,490
674452,405
996690,439
690816,423
988625,308
211247,164
239840,412
213741,438
145685,122
967654,111
424169,108
523226,185
844826,136
145789,421
126114,452
887225,433
873560,375
216178,393
979156,205
599039,475
636960,393
929735,402
206893,502
582435,337
684099,291
206043,73
953405,409
759612,148
798857,526
699625,250
329028,485
450007,288
328665,180
824155,231
421705,128
855282,488
127237,117
203462,159
555303,486
336351,377
771018,393
303265,311
854673,366
555549,417
616867,493
258951,143
375956,187
677509,339
855617,417
621967,442
152043,359
386199,334
801399,174
155972,149
838656,286
665177,294
249000,109
103185,332
189391,115
345597,295
297864,391
563254,334
782950,193
437622,532
414748,289
788637,279
957811,95
530766,402
124289,103
739807,334
581098,244
302304,77
861825,378
792029,487
937168,491
192926,428
713028,91
980723,341
308175,310
730075,420
565893,428
852583,97
980750,555
725135,221
619255,300
987744,147
365846,238
758039,393
837730,521
713272,339
209033,277
452753,75
265521,390
771218,189
712978,350
439942,420
546916,213
599832,537
985162,553
496361,84
200340,345
479649,105
894512,107
618810,356
315196,369
149028,191
706627,325
385363,315
454455,457
242900,252
716914,523
416956,418
176979,511
905782,194
997190,508
164227,527
688196,119
203975,293
868223,416
411395,523
409577,249
314117,566
552483,89
429508,227
687195,301
755758,489
490045,265
862459,305
452312,185
988234,220
470937,254
695063,71
743830,476
505306,121
740612,151
816788,464
448856,353
888770,354
641615,329
502244,191
625363,353
376018,496
126964,295
948049,341
828013,134
919964,257
409721,514
709786,434
743158,505
665142,513
243061,158
372431,247
485096,313
858733,285
854050,466
476292,371
712910,128
437480,495
259388,551
990758,349
676577,490
836994,266
837761,545
931558,329
996321,254
708080,521
205859,86
881221,359
787157,186
623678,489
409394,197
281077,89
265347,187
503917,213
738780,277
500583,530
376418,240
598151,196
192161,331
211226,283
902184,520
686521,524
670534,434
130599,265
620063,307
858661,398
114136,532
677824,504
226701,427
496538,273
999729,79
274144,381
893395,486
220494,543
200455,414
593729,441
320434,210
794028,215
440272,156
495660,195
626411,124
283380,257
512166,473
193514,99
571901,289
285076,291
442794,538
991236,554
442635,347
473629,440
700083,115
804501,425
524312,92
770876,177
854114,254
515111,149
651819,391
886026,92
994292,70
855464,129
667201,97
853873,485
664886,288
540285,482
200446,99
384618,233
804678,135
991238,517
244619,444
261591,110
743058,141
471231,400
667469,249
704089,232
741750,539
709577,454
491446,541
223698,549
190546,71
581148,227
329285,247
161545,157
917221,547
515871,216
591972,196
630066,233
848432,446
766226,562
635444,375
418465,446
433735,227
327724,374
786337,504
369092,329
850615,313
127384,378
764427,193
249961,189
792199,256
222820,204
849105,518
940070,330
787604,170
161919,491
842154,491
367494,511
955159,407
809056,130
709762,448
724790,195
339531,71
102675,340
285718,490
416175,75
577887,385
615804,409
375927,372
881054,336
936752,115
769482,289
501918,405
293970,532
586488,165
459051,327
518516,115
548838,215
310639,197
236615,257
629351,439
822435,241
469656,567
466490,106
232880,165
262605,176
278775,131
947364,395
533886,454
380417,552
342468,146
699814,169
373951,464
325252,171
682799,338
815046,130
238980,305
220310,164
203421,544
453928,456
352211,196
390590,276
727941,492
827701,512
956371,376
771004,211
432377,539
415532,466
898987,328
437208,181
462074,528
991625,406
333518,100
919416,188
925827,306
532735,342
684879,460
539043,364
432585,222
583051,361
697608,459
105178,447
845378,541
936609,204
686163,271
990276,375
828973,76
465524,197
451936,152
253018,195
361296,317
574154,370
974861,70
278273,442
526846,124
197627,558
585943,90
381787,520
146166,341
183086,487
661862,486
852174,390
993039,176
312809,447
270110,402
927157,107
680979,232
220989,232
424108,119
160830,267
351779,516
736704,520
548706,223
783889,81
408458,223
571022,442
117979,78
996426,218
468726,361
402282,483
392696,185
237860,198
740419,408
657084,318
386954,391
705923,421
889581,527
504042,510
199530,430
250329,466
525883,216
888820,211
780130,395
262076,187
540871,402
734435,336
390220,461
527542,95
979592,196
772011,299
657342,560
832336,303
939534,556
462901,551
784289,210
609734,272
756625,405
488160,390
751897,420
411750,143
823961,229
392054,118
945742,529
669579,552
226402,229
980378,254
534283,541
190570,110
685155,346
420327,416
317452,428
510507,505
475380,538
539233,508
392309,192
804181,456
662496,153
231266,254
990100,550
887326,249
486258,472
156187,302
795796,377
576615,230
616805,193
494906,285
343126,270
855670,210
814240,381
705782,402
786934,444
182692,253
936647,321
967234,297
802446,302
186364,341
156388,306
431122,259
577206,431
515400,211
497134,414
756979,486
720658,294
591395,82
903143,531
436705,275
655833,514
889530,132
974350,487
555402,405
709146,378
320189,106
534194,402
209559,340
599881,325
470716,328
743115,561
441503,136
814999,346
772905,442
327472,479
437686,449
390824,484
969282,545
203872,437
512270,324
386596,231
958078,312
842268,171
895347,491
480592,407
293053,101
343886,564
437333,425
577621,503
207707,382
896901,215
658519,501
359892,401
226896,166
750930,104
107814,162
418146,411
240390,207
410478,287
238076,481
508876,511
534250,516
202281,403
961707,507
760717,88
118695,101
414226,380
835701,277
331115,167
812735,427
802092,298
164414,234
117468,149
336459,274
863561,556
888427,469
742947,431
484645,345
777245,165
921833,329
976224,92
759144,528
700425,552
216119,393
356759,410
269959,290
645134,170
472022,550
655923,186
654608,375
235308,200
819502,460
460254,362
456521,372
343655,100
793477,551
309094,413
751734,412
547393,437
265187,181
233044,475
445657,449
648859,452
681398,212
158621,284
783778,224
609640,312
492080,139
726456,349
515674,393
242189,479
722199,394
328857,232
590126,353
626069,279
806108,399
427970,293
585377,269
588267,542
443352,161
886860,104
839797,503
793342,279
912414,455
664316,443
746314,77
856635,175
955951,189
834781,114
938462,74
330811,147
753554,307
801782,220
280911,157
927327,142
265330,265
414630,205
886698,539
455449,221
604176,445
278433,189
461633,427
580075,435
450184,156
626950,274
600390,330
783457,263
427112,256
489509,454
542239,372
165733,209
472480,185
819329,272
328893,473
106170,193
249487,514
329827,369
790182,319
577801,540
462717,184
292142,547
232015,181
913360,140
834139,211
131632,175
885205,192
940788,353
513797,140
886709,469
804621,218
257568,438
888608,504
885235,139
230113,515
122686,535
563679,426
820063,178
357500,147
483519,475
473854,183
833368,266
479293,523
129994,429
403463,538
924886,365
383462,75
378597,125
531861,69
355539,341
945537,528
565237,106
468647,303
327787,162
299149,364
244535,425
567333,339
601535,512
550134,145
887943,200
853642,187
682514,246
403486,110
775358,322
641986,117
137839,367
741513,546
813684,68
708632,98
869443,397
246917,313
211350,358
895527,195
593241,74
299571,417
792223,326
978247,162
839170,458
721363,209
758807,250
111788,491
929307,248
577072,490
763402,456
490375,455
146595,185
160128,545
798814,140
372527,308
656148,454
479051,335
986257,438
127353,329
716528,71
228351,312
804652,275
890127,520
656224,163
848179,394
410996,101
618643,94
299529,372
464316,143
551486,172
230858,293
394078,78
307494,528
318698,326
148144,536
488497,305
889356,78
442307,114
833902,232
713929,470
307053,321
739564,414
914280,184
356437,491
518820,233
386295,373
185133,171
690652,193
814204,314
433922,80
986387,68
880693,537
352242,321
226125,466
146266,201
680084,354
343047,443
509819,554
346281,261
395999,234
766252,375
555282,144
260836,483
291185,92
590994,416
448158,544
199691,176
648538,315
331439,278
247621,338
357003,450
271267,354
643117,372
817868,189
398738,245
287582,220
331660,203
271949,272
471050,376
756703,406
970738,205
122354,472
316418,478
897013,415
266685,172
527847,202
218993,358
318879,451
703958,170
195620,286
946708,134
312295,407
317306,69
681316,280
230758,561
769370,424
771733,214
470714,282
577891,536
905267,184
311708,134
757179,496
467430,454
872028,529
455526,277
684778,524
488059,98
353740,360
431249,157
196055,378
397693,341
471400,198
117935,353
992803,254
657132,394
776193,305
850213,427
963040,263
685943,563
844027,117
283003,95
462034,189
338912,408
580161,409
295237,530
633386,511
463035,388
757152,566
308407,202
691786,513
781866,411
102301,295
275860,184
277483,255
162367,93
468257,371
565212,149
991674,381
484444,340
711102,433
479853,253
631345,164
869661,144
598791,332
451429,354
667842,223
336283,318
183425,549
460227,239
664633,487
784938,336
890806,329
180577,131
477117,407
502762,449
921056,450
678857,278
660106,339
136147,248
703739,279
335811,307
331640,485
222329,220
343772,429
986961,105
526461,281
314201,370
119623,217
781060,229
527688,87
502460,303
367049,186
239976,408
856419,323
235041,266
396631,193
839057,146
452494,114
896126,455
285991,238
704119,521
352856,405
187987,332
957138,187
897653,134
717288,201
313847,544
713953,402
458337,320
437252,236
873089,77
924110,408
906437,208
969191,473
142736,352
832728,96
202608,508
920226,498
701826,121
834577,487
819983,164
451610,464
686756,280
240032,425
976997,264
883047,289
804266,318
900425,331
341075,193
749041,432
211613,416
832750,388
921365,469
272253,176
161456,152
139911,135
513644,140
153207,214
339020,314
855565,175
125225,111
838769,266
181794,478
770233,255
480907,262
151586,405
102627,208
657641,549
475084,297
361627,467
331955,333
158383,124
338178,531
767349,260
186399,183
430048,181
931869,172
703491,562
329230,384
184048,222
611858,198
836603,379
782401,532
377198,138
105079,524
751372,262
364831,540
467427,516
366976,459
318531,312
673178,116
529538,261
553957,361
203370,411
694555,547
355045,301
728029,150
317968,196
677667,216
772204,139
694857,464
596208,519
578089,514
153419,236
690265,371
782202,185
126625,567
850842,484
530400,349
951265,206
942700,290
875856,294
392985,130
138979,376
892094,192
595688,180
635839,156
932952,562
257141,279
887453,412
653804,200
767032,343
266741,74
577195,552
524480,178
285244,519
846323,91
315585,107
590364,393
816890,265
831375,332
227781,362
230014,551
828418,219
551562,331
550106,519
732261,220
275866,211
810869,438
714085,378
573107,481
407048,399
424238,337
129266,217
975839,557
552699,104
328690,417
579059,209
341749,123
644859,548
411195,336
573952,120
775302,508
385970,484
929352,352
542943,162
153467,198
218807,473
354951,123
939300,361
555671,368
883728,368
795725,93
262865,430
298818,167
690243,201
272926,514
529646,120
571506,416
918676,559
444029,333
321314,314
813105,522
223492,257
418386,545
180737,320
503080,537
916620,433
183688,211
480384,230
343079,340
876211,372
148163,466
591152,404
893483,446
853184,299
193772,153
777393,273
133871,112
957291,95
962967,142
380966,392
419140,224
536617,155
869689,293
797940,426
461415,455
711025,367
408153,281
787993,190
664344,448
153251,564
476506,428
918484,316
828997,132
569873,228
191781,489
248327,415
252506,117
637986,104
677754,130
438688,161
450263,533
736428,462
235994,527
703645,475
715477,433
451382,232
866986,385
265402,258
530977,472
942068,564
954146,115
369657,142
207930,302
412208,391
665560,565
556635,227
439475,247
629544,301
113881,365
968905,484
144243,433
100602,288
479330,437
617028,77
989855,525
784336,500
411391,397
147144,478
718401,425
124379,109
447670,70
536257,105
951200,279
568737,560
548053,238
105017,428
361192,354
759368,282
496039,226
714317,76
650329,161
257318,402
541109,207
352663,121
256562,458
865273,149
375844,515
722600,155
951190,537
720149,542
709490,126
285838,452
756279,114
674252,191
162444,558
602517,96
615019,141
951372,441
244531,549
449538,482
794240,341
534636,333
970763,264
805890,407
310324,87
180757,318
471532,107
553396,511
331824,548
482291,177
146396,567
163537,378
122125,448
421122,94
680880,549
287538,383
730441,377
978599,267
618041,509
552485,260
840122,353
771786,243
426759,209
992990,105
795015,555
584607,258
154310,147
366537,415
886098,204
881690,252
116553,465
506968,170
126583,157
101648,436
504901,340
606251,246
828283,410
543335,229
516313,535
493198,344
786942,90
490222,531
112263,276
629016,367
320092,349
539423,95
586882,92
307304,290
449203,343
558760,350
843949,102
682609,495
913994,495
386243,272
241620,465
562322,506
186993,89
116072,504
243675,359
364337,462
665781,125
259068,272
354882,367
469548,525
764862,390
672958,468
267771,464
710097,177
753291,361
807495,469
350804,225
641456,369
787288,76
409127,494
705573,502
377683,70
901706,506
105447,228
595507,166
782827,295
148781,134
618139,359
661738,493
393553,405
197794,82
793559,526
526752,167
475849,251
154841,305
352441,241
156555,237
340318,425
407011,508
784555,177
880124,174
214751,84
542839,322
225205,320
571932,507
500015,423
319857,297
212193,407
597823,192
289961,269
156607,177
160590,294
991961,244
722058,249
808689,200
764538,539
604789,460
856440,430
240962,134
220481,156
605852,331
663002,227
734695,419
785638,189
122088,254
830054,398
806590,232
107299,154
764079,556
544224,536
525882,102
385564,210
729305,413
425746,256
775987,111
821037,285
420786,218
583619,130
821891,391
174615,447
823555,328
565629,214
383267,131
620922,205
718616,148
872746,207
177313,174
387601,139
746037,119
988997,345
257643,500
379974,134
230737,104
693085,395
933439,141
392128,431
192723,227
541093,134
200837,134
442723,138
891249,547
923461,526
705439,228
329918,186
874947,115
340262,558
702155,389
260659,509
826052,76
830395,538
160299,512
569082,413
821418,142
372092,76
782003,516
510214,392
432167,399
295131,454
800542,167
621511,481
493473,177
466386,241
854966,165
275111,245
400838,97
994914,566
832672,472
976464,496
723852,386
783183,502
828554,374
782037,382
913423,283
285920,129
700773,415
409328,382
530124,515
916773,523
553500,310
984386,88
169509,335
605334,89
734099,98
870432,192
192004,436
751147,381
447219,228
174221,425
236939,512
425899,536
697064,448
894818,193
223853,295
516777,449
576260,511
287579,350
974933,167
141431,91
118432,98
136560,496
691709,214
944220,433
892750,135
880452,451
225715,467
521547,136
999381,339
789889,400
103210,387
147930,417
359268,129
173686,434
399674,349
650215,306
500779,433
984876,303
100601,109
790080,443
308754,484
306996,81
692712,276
840245,68
933742,492
394488,306
686300,73
750353,234
773842,408
345735,280
101080,349
533482,139
473785,267
402216,291
519916,74
200972,465
596316,528
267029,458
689588,273
884943,208
857445,180
902029,81
726572,78
360935,382
166951,309
126113,499
958968,479
322535,555
730314,353
312923,453
825835,246
834458,465
128572,160
114254,431
363219,453
822367,398
783842,405
861959,392
280076,142
622404,90
681635,149
892577,158
982496,152
250885,354
475418,77
146173,213
557460,455
562433,361
822464,283
990410,271
214243,473
239441,451
484288,259
439611,151
307558,232
499664,432
594306,94
107698,542
158107,283
729129,107
568798,417
898743,223
120612,224
188261,356
764684,205
302034,121
185573,189
675919,381
988523,535
606261,104
446867,117
106402,84
188054,248
927130,349
228021,214
646968,515
614428,147
712960,412
536862,321
329072,361
644078,275
367176,211
229771,89
181194,472
608069,445
415884,109
543403,476
103493,234
407341,115
411115,559
281113,329
948735,485
152196,516
103642,258
423232,425
112031,143
443166,242
534498,410
625997,547
887479,204
506575,460
784513,161
983892,239
177156,391
282331,180
231984,513
103293,516
417377,318
961008,168
432215,107
647142,278
623775,102
803538,68
162905,436
580618,207
622659,284
458872,237
969147,465
572767,228
824912,193
697208,360
609371,299
206462,302
905665,457
419616,304
726907,140
966075,453
896141,475
291786,127
860140,79
470347,326
241152,298
349822,526
428347,106
404458,231
534407,216
592292,320
462089,243
825561,285
607299,332
374756,423
962318,435
918089,116
144868,76
258633,215
393157,180
500610,561
239856,206
594540,412
685372,516
562196,448
707341,469
637461,94
701809,367
539159,399
955928,521
633059,517
250365,87
898730,80
470707,354
441213,480
498431,287
146331,379
791573,556
283272,318
710404,290
686001,430
313727,407
144391,214
558386,346
415309,158
633063,112
961437,300
508253,251
117852,514
212030,327
882262,315
891889,298
213848,415
849017,428
387384,385
391275,337
303609,127
221474,521
761762,404
367001,431
437176,523
319999,119
429877,435
276988,306
358181,289
240168,87
258538,460
198161,422
433706,124
343080,342
634187,345
935669,316
261958,493
834424,297
200187,472
500251,150
757651,162
575454,440
827488,139
209641,123
482244,291
699217,300
892781,175
149236,210
470362,220
531963,498
798223,489
554808,456
628198,344
115942,219
845611,150
169859,254
264747,366
861805,333
523049,472
238650,386
521427,163
245006,250
867355,346
939107,270
916388,508
246707,411
351101,456
795762,313
625733,395
784622,384
845792,273
691640,377
142324,181
498471,356
345602,365
238780,115
680607,455
547399,491
206657,412
967202,361
256206,486
567955,69
698752,185
885681,378
717691,128
573407,319
530310,363
900366,383
710177,506
592974,527
930397,250
324367,254
872667,258
394333,153
273183,144
724598,108
176428,166
123978,524
293827,550
282010,262
771255,529
134893,385
202761,349
853190,173
570141,514
358816,161
526823,102
247141,405
178979,520
243851,488
647844,352
136910,361
442922,526
313123,276
768559,233
574496,244
424160,444
536268,263
534183,372
178106,162
619134,204
171089,252
618165,547
595656,171
718734,411
866331,250
799768,488
991318,444
878569,284
520061,358
946904,463
642005,310
657009,233
414729,209
647446,276
838058,443
518434,70
582963,267
675351,426
746097,424
548257,306
650609,134
913791,272
756421,68
714412,359
879525,403
172935,253
635718,92
543581,530
564336,176
679115,257
175800,464
406071,517
229427,320
502476,371
454119,430
399942,199
839557,295
691759,278
355304,477
704003,288
719429,310
653384,94
465961,467
564419,102
563109,459
235646,516
416802,132
392789,382
928491,173
999026,115
352166,148
187172,140
492216,69
467107,308
585918,511
134977,213
839165,361
330025,84
416884,192
550435,365
368963,565
280785,75
911106,355
121652,153
394045,302
387743,88
804230,342
864900,305
396552,510
863651,288
200495,491
171102,154
577379,420
762653,159
277114,260
352363,202
550714,223
679271,194
558455,146
156514,174
164272,88
646473,230
335038,505
947655,528
393636,555
655708,188
615301,131
579225,79
380177,543
692285,345
411814,336
771933,382
288369,512
545411,392
256558,463
484696,283
692251,71
613283,166
609025,297
235013,74
461919,452
201162,198
547605,548
251621,329
517285,360
121591,256
548210,117
451670,215
631880,308
898783,469
512328,287
457335,302
376230,375
453207,407
678812,508
816450,411
246691,529
334898,387
448660,326
996104,437
223378,111
941128,225
560040,175
281613,100
438642,410
594920,309
314335,113
530960,313
941914,292
709433,101
614177,460
524621,157
362473,239
130480,96
269519,313
309178,465
187054,286
353774,166
386814,117
851251,157
455177,398
585332,273
946846,288
213831,526
283061,90
477148,107
432815,322
833240,136
407296,221
294055,501
266558,343
113966,261
303996,316
106797,175
294425,189
181237,311
171602,230
728780,428
514362,404
354461,279
116772,346
231800,461
865120,424
238387,351
252044,286
221018,198
801848,205
872322,462
137712,112
246188,308
885153,244
101532,390
668991,477
701042,469
299048,208
626518,247
165747,501
297270,99
767961,140
278067,415
240156,111
909780,413
587042,287
749283,299
176509,549
936541,203
699416,456
870138,167
170700,341
759429,417
945530,422
699409,187
932754,263
413375,256
311950,323
303782,277
263594,463
392576,441
595528,366
484505,531
392835,103
233971,492
252091,476
246531,504
889991,490
987794,275
420597,433
220407,328
991423,273
621344,345
515818,140
533393,96
584859,544
395393,318
937613,541
663260,357
978446,555
633742,360
548578,255
848285,547
582772,267
552408,93
492168,161
791211,112
773369,327
602752,190
637597,355
273512,497
512858,384
341042,288
828507,326
526271,336
321196,273
363145,478
336096,344
754118,537
618546,119
389900,258
123977,538
374473,281
637906,414
397047,531
152874,503
394873,499
366176,154
235835,338
104314,335
999777,324
874905,319
841424,374
454143,188
522318,333
904364,187
240798,268
989647,368
925247,324
234929,516
610732,401
432880,288
786118,230
680019,226
661237,118
347344,127
631011,233
973382,109
998191,504
642647,445
130100,283
456356,266
992584,375
501854,560
195043,88
578319,145
790292,373
935605,71
337726,449
979407,334
944526,461
340624,239
214335,381
507036,231
712228,480
520328,542
693573,481
795992,477
316532,514
291753,80
811451,509
326573,557
289946,359
938200,474
144256,293
171730,263
236418,163
650667,439
521424,97
131252,503
471073,162
944335,231
729661,236
528452,317
629573,157
752904,558
238329,475
520034,251
343380,91
378457,176
239083,261
297698,117
343587,393
725230,419
740064,266
481217,270
118101,195
845026,100
418065,466
157503,381
490281,125
752247,354
182882,355
950286,381
240297,260
202556,151
495787,535
121676,199
425464,133
274785,116
124400,432
659878,73
444462,499
779017,555
371521,351
645171,263
708331,532
602707,398
659728,322
757189,332
689372,440
748725,210
391989,161
685618,390
589249,473
525968,107
304628,535
545455,92
186574,235
574638,156
960861,148
495574,157
164313,379
179681,323
316324,517
662008,201
225653,567
540179,94
205811,191
155393,203
643292,484
928493,197
326099,206
991022,392
768284,263
111929,421
983054,145
810908,537
315990,83
132299,427
219308,355
129557,430
132024,403
263916,396
917082,84
383716,542
248013,525
769040,294
346213,117
715796,322
757105,226
973552,450
528700,273
626400,90
833688,475
888659,388
977944,492
498799,315
523027,528
278152,508
555018,425
901933,266
454773,230
272056,127
569797,410
552270,527
432744,387
237520,464
367727,70
258483,422
487008,157
975613,420
763460,547
325439,108
540788,135
904903,345
815289,386
833416,236
857018,218
217653,549
302565,127
628457,197
877443,188
942615,381
245807,476
424852,436
992312,460
564459,534
108127,295
582322,110
298318,480
547753,254
688511,413
211341,98
131627,384
917797,561
312578,273
717243,565
741522,113
291003,110
377787,138
317290,180
593454,200
934688,192
522439,76
806418,109
660647,421
426950,404
176536,431
694071,411
447266,343
801868,467
418725,482
755097,445
733155,96
108074,351
694951,545
892604,477
574295,277
856883,134
456098,124
331973,532
697105,203
663987,169
561840,125
606180,256
219746,409
912466,303
627381,324
632693,426
633438,179
614743,494
824521,432
311130,146
664857,553
936296,337
984468,555
374424,142
915995,204
248406,130
454068,383
838624,209
350620,77
887150,477
620203,273
328068,297
292050,444
662074,69
156416,226
954246,387
258913,373
943931,139
169344,460
236521,531
802937,237
176659,305
929918,128
252316,423
226067,388
175215,117
632920,193
273794,438
872364,287
849486,309
931309,211
714141,402
682398,218
148556,457
920095,318
899855,540
536972,434
534474,213
616720,351
704580,182
213397,309
281490,96
220204,238
393208,459
191193,118
945754,227
748665,489
183886,388
856831,99
327816,88
264460,239
125906,520
242026,490
926894,345
196969,283
297465,522
467538,152
330513,420
512517,558
507542,431
129200,247
239627,190
840734,317
223401,257
678468,161
837112,455
274978,95
963042,476
144617,481
569837,105
724690,283
995726,542
849656,433
464463,152
650986,369
647861,225
493653,378
572337,265
701850,468
886186,339
832591,80
447426,438
681822,416
149723,434
558330,351
776650,166
715484,194
404558,253
553543,312
540448,305
685641,211
531087,273
427358,190
930198,526
468428,126
926336,265
675479,446
745143,404
615421,214
334962,340
410261,523
136025,183
467819,318
258281,491
609563,513
878244,394
177936,422
234034,246
880404,278
644860,285
380058,532
561766,241
207460,265
881288,364
209383,201
590750,421
400068,254
420172,503
703915,187
212897,543
348993,177
549833,445
788792,395
668262,105
631248,113
300394,372
218420,253
963126,188
961581,362
772701,392
386533,102
292742,379
753067,373
637234,417
475840,99
754068,437
334116,221
928690,87
949949,236
886256,471
552341,411
745192,382
689538,254
372817,502
605280,225
573424,362
629876,378
250172,423
620597,387
390406,215
578814,462
407255,455
353662,528
259575,382
805910,342
302105,289
384880,512
439420,238
224391,354
481583,174
643564,351
838953,204
874463,376
185412,536
851054,460
756589,475
645035,401
892787,355
601309,211
573012,154
711500,536
497212,261
825394,120
145675,233
760807,148
898777,525
357862,499
207937,78
866153,110
257485,165
697808,240
282415,289
610658,238
225823,553
763018,502
149439,414
639228,99
709562,255
867788,167
174475,366
677409,91
182513,197
660358,337
414345,228
573902,136
500442,349
441424,382
306861,444
394258,180
154823,326
709779,397
314459,276
254467,317
220819,480
858984,303
109819,538
792820,201
595838,553
887490,71
559662,199
917050,552
458575,430
565353,289
449892,243
744883,86
726424,434
757334,246
420723,543
488152,269
612763,486
127113,112
464380,196
555746,415
271125,405
912579,529
814833,206
962924,154
703097,327
774015,277
464295,482
449503,542
166318,119
229923,566
314618,159
725780,124
175780,566
762101,213
986692,327
668805,278
133167,211
563042,413
965569,511
980547,185
893997,86
497227,254
509763,219
979969,152
842593,527
653336,206
429069,318
751826,245
609757,443
322201,333
292934,300
412611,522
980847,110
256962,282
591196,460
965828,327
721772,484
599572,512
205534,174
332470,544
235016,264
283331,76
343691,404
375601,425
562368,344
804116,535
261588,302
874298,189
652434,360
627743,185
264938,429
878609,74
266507,139
568065,103
467724,347
892138,388
496644,97
548946,262
656036,376
802735,478
557583,399
844489,231
305495,432
286207,329
541262,241
591599,417
827698,401
927513,260
750149,188
306873,460
709460,374
188075,217
884552,437
250231,469
761089,285
708170,153
802599,338
790529,396
625573,86
263649,227
524066,113
352331,533
541345,283
789145,372
566616,99
446399,292
849802,168
135877,382
628148,552
435909,333
309027,319
444538,189
498791,283
910174,516
360280,409
178642,415
846633,520
871134,299
181582,141
244417,334
117001,192
622192,472
712199,173
533857,193
194320,329
904154,175
463806,275
397630,154
789577,265
772641,140
314892,326
419519,521
505773,468
389109,108
457315,382
401794,111
226264,97
566070,139
421985,379
606093,421
198827,144
242091,93
832214,85
180446,379
609918,126
583597,195
818517,226
432067,299
348925,440
650114,263
908632,565
243095,118
654361,292
208038,515
424867,396
703983,284
361603,548
549282,546
144400,285
199074,89
465210,556
151352,127
629807,157
543840,182
588112,464
598932,292
596922,274
838072,78
911545,254
100539,509
561115,508
333408,527
529490,300
891162,539
805350,528
988988,325
823253,117
701532,499
391431,92
963410,528
815524,240
768546,339
766415,453
722922,298
749496,221
288208,439
293682,233
927916,555
907524,359
608835,288
677502,181
474220,158
711852,539
647463,94
186533,223
569198,331
500392,114
705823,378
871096,484
341437,487
297095,320
514247,149
695870,161
368636,156
697054,544
724745,169
675981,482
689177,360
727019,232
510478,508
699299,388
333883,221
929872,385
967044,324
139030,215
869296,291
739617,214
885727,229
716839,424
375128,370
208160,431
849825,120
408985,293
543892,302
715739,207
278964,140
269679,254
794350,314
321373,443
939918,376
219035,167
735110,243
801506,116
761470,336
692048,399
865637,79
633128,197
125403,324
671406,215
459143,89
135451,487
694854,87
655332,127
580890,546
334110,143
533776,270
457623,206
705996,531
241216,291
451092,292
811445,233
487529,327
158947,534
161176,397
339644,273
928185,110
449535,179
280592,275
685396,537
118845,190
920384,526
857680,178
604570,211
987713,149
895348,540
879441,103
146731,318
241918,268
187682,537
981494,271
647796,335
171201,542
776360,154
296514,359
414096,525
109806,131
398723,462
926546,488
298267,85
519241,508
545963,261
846141,79
237723,474
394553,416
929371,169
746894,566
415531,538
559052,278
361115,255
269289,503
698961,165
124811,486
777266,467
887934,133
329389,185
977566,360
493401,321
827373,443
321729,398
449894,311
176553,300
298057,85
827563,488
416113,501
169290,138
845349,168
259037,159
618815,363
454684,309
808079,138
750934,250
141304,171
238017,167
912717,261
110602,533
367768,208
364492,550
305379,460
492964,154
656002,201
661023,220
243300,380
358690,443
913764,69
505228,351
924108,342
363472,123
512199,291
248557,384
601796,389
396219,294
785728,336
917009,336
700904,361
717171,462
593224,535
486132,349
906021,557
604571,242
745599,272
549696,102
832631,99
834789,166
244119,123
273903,506
601346,460
823426,541
333634,388
301694,433
609841,179
246510,135
381695,342
931965,101
935766,231
636987,361
927605,434
275786,461
191823,204
128048,415
288393,373
222798,503
792357,213
333206,104
746546,327
676499,355
490481,538
832146,258
613637,350
528106,276
374537,141
983938,125
303992,105
624734,191
591653,220
760351,149
441961,102
483768,77
156612,370
465649,194
957873,112
964274,492
985602,145
793380,472
604815,117
251271,241
377213,563
112499,551
704790,202
922785,262
120860,161
332033,403
833154,268
846045,286
100355,258
900459,521
812234,449
756993,372
304869,359
850891,85
331916,109
243046,398
397976,313
967548,315
429479,111
617268,419
895906,244
150063,506
853645,438
704393,90
934210,329
903044,258
149907,96
481596,531
302667,277
895393,559
471009,516
971789,88
487831,267
687387,173
540633,472
751049,562
373336,275
257411,545
983477,299
647779,371
935917,395
185238,428
724714,258
244350,401
258496,338
523342,172
117410,290
682213,420
791150,211
100046,104
887462,475
333033,524
492309,509
707063,376
688256,265
278586,311
792287,287
847506,501
267599,69
256931,385
238300,179
697769,125
912098,538
581676,459
176800,135
287632,452
360850,192
788383,308
128858,263
972597,307
461485,262
134307,555
986560,453
439665,489
236266,418
438741,218
761808,126
158229,172
894733,350
822910,441
196327,323
947890,248
479091,177
490466,196
259784,155
533655,552
978505,143
782273,501
686645,350
113837,263
547945,381
345945,410
388385,103
455275,84
885755,513
775489,458
734480,205
376282,523
195486,204
835910,460
124703,217
756938,68
744606,129
859507,492
203574,373
995149,129
621763,474
166732,101
555421,157
588533,275
619777,84
172194,379
285248,431
352522,275
920245,364
995646,308
420481,358
465911,68
323310,181
977644,183
750877,455
143950,318
909239,391
873126,288
505828,350
463805,423
224407,209
955239,249
776786,267
190969,246
963355,318
376203,106
237202,83
387088,89
195380,421
371699,174
390233,449
991942,252
106415,79
529509,197
318853,505
967595,402
561180,531
212102,137
449528,386
736882,205
880153,138
699903,268
418124,420
459329,379
516189,479
665707,406
493679,94
288761,196
112081,405
594325,510
167823,294
330519,500
338276,83
746545,95
637674,293
855613,489
265535,264
345605,419
644190,228
953760,307
792655,513
166270,97
211765,321
787542,258
387214,374
683111,259
805173,553
791172,277
981146,187
646721,261
832369,482
488138,402
498492,444
682135,486
736662,297
183729,519
740579,282
896370,132
397576,542
670976,386
443356,435
354840,110
989491,171
607762,106
308721,106
355542,200
444880,480
655569,105
923424,67
605144,416
543610,493
703208,125
688960,566
170381,546
510666,354
577196,331
990008,249
145023,341
751499,332
857131,165
997254,98
777563,108
679753,243
901985,150
725707,298
959017,183
651297,557
516879,271
360242,281
482065,118
531856,306
888044,463
656994,341
932793,440
786649,396
975060,566
638088,125
420145,324
934536,287
434943,406
229729,352
619899,327
700807,345
830595,448
563240,334
874379,331
462994,408
737960,231
324132,133
365571,276
157179,483
802179,85
185028,332
793089,361
876672,208
883269,260
451701,403
817411,159
835463,169
837574,97
859405,480
616222,72
781586,507
754166,496
960149,336
830561,365
157311,379
884800,378
340671,188
768527,434
234918,201
541146,100
892356,313
604499,221
938033,322
818743,228
895731,142
284904,364
326542,474
413357,526
789102,514
182216,178
751410,149
920570,541
726727,500
528773,316
853701,480
898745,457
864110,261
951729,496
401134,122
558965,403
714048,277
175933,167
681442,375
993258,275
151377,181
652937,280
481460,501
142613,82
620237,489
445904,144
105735,356
928162,528
791449,504
505978,421
602544,362
225916,510
759026,324
309927,291
267221,475
250187,481
877391,380
873933,522
413121,94
483992,368
140489,565
149391,139
993790,82
145304,171
127370,538
928016,287
488039,324
656460,474
844622,418
314388,167
404611,329
745099,309
270527,279
806600,173
601554,121
554769,453
533855,117
415346,127
986691,335
366357,443
830707,247
647535,510
675909,242
647571,196
437434,557
767403,283
625687,246
370975,298
773731,357
937312,406
952802,301
153298,253
727758,154
984692,171
963723,293
117982,211
357295,416
478050,245
541352,159
688940,234
606769,413
628135,547
579796,386
984155,487
708844,325
348965,562
888998,446
746571,519
295743,294
715347,78
164256,531
320304,113
274401,455
342006,552
842150,534
113355,437
340655,306
674332,256
838128,281
707396,182
522430,161
929684,146
725205,280
110047,352
479602,468
897008,455
810946,533
305939,409
554257,364
596515,223
357995,452
911449,480
122534,335
255810,118
209571,539
828788,109
216071,85
184744,284
117747,154
362777,70
649515,88
664863,486
196021,432
273784,364
712634,354
905025,249
763534,258
737391,173
536211,480
770186,249
365342,247
111007,425
866424,409
953511,352
391044,516
807112,121
522874,543
309839,353
211515,181
385885,554
759151,140
976459,479
821615,264
181351,450
655182,245
193196,356
326274,292
154916,550
935609,382
381367,514
673326,523
739224,325
717817,258
323089,183
797024,407
522396,555
864080,326
503346,236
545207,330
161626,525
884988,519
919239,192
630226,165
262792,452
302145,189
942473,462
115388,222
663727,170
714656,333
741351,473
910754,510
148091,134
224331,360
297856,361
610591,300
319976,528
460415,429
634735,387
692999,446
293947,356
836997,446
322873,400
863630,514
870526,230
662995,329
300111,527
702868,518
144757,388
262778,475
949574,92
435430,354
470720,76
877549,550
511418,224
495467,465
781129,462
250972,193
110099,437
472065,426
743701,566
618218,550
247962,509
640835,356
150963,305
165404,93
711999,434
223699,167
414239,351
941427,334
305952,345
164330,159
827469,149
132078,419
382070,219
371449,226
368552,220
267966,187
648977,120
842794,425
625912,266
549306,336
802597,511
624784,504
156791,191
336725,275
971929,105
235953,276
614592,419
514660,498
744800,493
465348,373
541669,519
460654,275
740984,315
681958,334
518492,535
717031,207
332368,216
857554,118
224106,303
611920,96
525300,170
542773,479
952930,303
339290,512
310372,227
831146,200
272591,565
608451,72
710003,399
612446,424
613306,73
657113,352
300693,182
892732,251
727421,275
841677,558
412281,454
724384,455
620360,269
310643,246
984563,83
797415,328
875663,442
163369,546
493315,379
529313,207
530574,417
598805,152
388806,500
267908,376
761915,429
401043,80
612144,251
300718,234
276054,343
737194,173
648017,414
780114,561
699033,280
242269,298
560599,190
583622,243
299169,144
427443,88
170420,87
512549,170
469860,369
825173,160
974884,286
112107,111
885325,119
146596,331
665268,189
298127,453
998133,495
715734,451
271039,438
128415,297
648507,504
909872,97
743762,161
948844,395
221961,304
295802,341
692182,285
417399,219
257154,465
744664,291
574509,206
275869,304
499072,425
451904,197
809087,144
136393,429
945090,466
592427,407
126584,150
443414,515
154903,119
934215,100
326437,522
495759,249
507858,518
452521,318
743109,469
941592,276
684284,484
820196,554
875895,329
990292,506
204519,364
465954,536
828662,435
624937,116
636275,209
162520,81
228888,353
635927,333
208581,422
804885,100
665116,483
394685,363
635994,382
335286,264
408709,439
651220,274
212650,444
214226,315
342215,133
551055,439
927579,424
868503,295
748366,412
665676,399
822704,83
449422,373
859568,214
299855,225
420134,565
557010,211
824721,286
392271,79
765106,93
692402,551
278402,282
400722,282
349774,169
524083,444
817133,226
780279,330
576999,505
844448,85
657276,352
107371,69
902392,86
157409,515
946031,265
365669,68
423615,407
733542,433
219101,218
485010,535
978575,427
153645,108
252115,279
668043,384
327846,546
682103,502
370144,109
155226,252
237781,407
678259,186
850012,222
548221,320
229538,383
223147,510
675823,181
817719,510
188975,313
227480,78
455297,457
948558,207
303606,394
627789,375
929495,399
960935,70
515576,255
777203,128
725277,383
518755,308
611217,533
872771,461
454917,391
203719,483
719359,396
448524,329
546447,393
509318,548
353007,473
694049,73
904754,500
144727,342
786681,317
124373,188
612613,356
936028,556
704935,156
937705,384
109190,192
234717,219
744818,314
730685,263
996498,214
287980,78
275979,536
543472,520
668382,84
854210,374
185273,357
237640,250
405772,259
821517,419
485175,89
894549,531
563413,219
848056,505
216927,129
952729,187
106497,498
977328,182
587221,231
337185,523
788268,356
564863,422
964273,209
295765,521
469697,73
824813,371
999276,90
125290,287
129548,279
676912,92
471889,311
777995,319
417241,359
230817,376
186834,238
151975,514
963332,489
922044,414
184236,287
765768,445
470622,305
189017,346
668315,552
909281,558
748292,120
534074,349
627445,95
145873,74
325553,375
571260,321
617522,518
381908,106
354535,333
299370,328
518047,459
430433,99
907064,151
281978,347
140155,230
828677,169
531365,396
622154,343
925308,256
869562,461
136111,550
698888,81
188243,86
531870,564
879788,230
880877,334
464466,73
404156,82
869500,466
960026,562
216904,276
663551,279
656963,354
178460,201
666042,171
821810,312
610002,274
328446,338
410038,217
819841,127
726279,562
376276,335
534306,360
335819,466
579294,326
310859,88
948165,301
192631,208
668047,221
132384,374
741931,326
873586,525
249779,226
916801,177
489746,291
216043,535
927363,320
717862,468
695559,150
695160,552
552906,406
156805,321
379207,102
633723,523
152831,96
536050,462
865133,178
785771,80
322942,223
325109,511
355744,283
955450,361
255308,488
569000,460
448061,429
461777,85
934469,564
947533,430
598592,241
275864,380
569382,566
898404,262
261048,260
380212,547
617206,204
591944,442
179455,395
150748,529
595756,248
843873,522
818516,176
509051,370
703500,115
240192,101
837814,398
630894,106
990669,541
809643,441
767627,241
799784,524
651671,237
659997,461
916485,344
515102,444
834552,356
608920,422
743505,479
112291,323
516533,444
805363,200
355364,531
255077,504
882975,179
564034,560
496495,88
208877,180
634329,270
712098,68
177734,296
220688,428
354617,459
724551,118
867340,91
250724,178
556177,490
693364,386
265589,414
171645,222
996853,470
653407,374
766031,358
667306,163
852977,97
239023,461
414679,456
442616,418
673751,224
844092,177
980460,527
935411,482
520948,75
440975,205
216136,155
837172,502
328882,511
161785,98
793091,505
155537,371
774444,440
940272,279
481404,186
408736,350
380232,540
630036,376
569685,333
344584,467
649735,429
251483,181
626170,145
921914,81
696652,417
138874,329
986822,436
517852,451
728650,245
923229,179
555067,308
591998,510
522445,224
809916,213
559143,441
743275,516
601539,139
300586,235
162926,78
851024,476
441627,464
768529,474
323237,353
131721,129
847238,256
614086,555
176805,187
232059,85
861107,427
433010,405
346280,487
305653,137
981047,182
258123,433
840020,96
724891,514
708463,180
491706,152
218141,69
747317,366
388724,265
151811,459
123197,134
797318,222
554160,376
944403,547
574033,173
812069,82
229140,474
336414,263
498667,85
355301,94
961534,275
108021,356
584248,441
941775,274
392916,380
964615,127
340313,463
274633,284
819301,459
688213,276
277579,400
342653,478
714529,180
346626,460
326769,430
448251,82
952620,367
739242,286
503727,310
882166,547
482832,225
157849,330
123466,331
859893,428
138697,411
669421,453
189043,158
104090,317
363111,238
509676,440
531284,286
224701,163
765312,515
225673,529
253677,371
985632,383
871682,341
277349,315
898923,346
356305,413
353811,280
565154,194
322977,201
661954,352
576126,560
233141,529
890378,534
394569,210
935366,195
358044,565
148740,398
364750,174
457030,226
225770,561
450614,113
924696,209
247666,322
700316,191
518852,486
362555,176
855302,164
687822,190
396384,487
736889,538
533987,251
878739,476
150033,98
376647,97
578173,248
169847,505
478596,463
924732,526
471348,331
446630,166
240378,560
639882,127
259273,167
167223,98
982047,360
443545,326
256129,142
826951,288
884989,299
157209,105
488645,479
253363,412
723920,272
825036,517
942091,414
289858,227
902498,530
138500,312
546983,229
639406,394
176872,183
125349,496
107656,508
542131,335
117604,178
895355,269
545374,80
913052,89
739537,266
354578,353
158540,99
857298,400
778998,322
468907,323
659933,299
333289,465
484640,402
686507,329
867138,562
318208,292
954489,520
746873,194
113516,542
430505,510
991222,238
404887,259
824238,111
974307,444
964693,303
495598,82
434453,557
553184,531
637452,408
990508,81
178739,382
662568,219
440506,70
106091,393
780140,382
230279,415
263144,359
302575,108
316078,434
780414,187
899376,222
490422,177
718144,479
472715,237
223632,300
323927,277
157735,337
566474,531
760182,408
634356,168
337717,419
549683,389
733030,425
689909,300
398159,503
626637,265
272529,361
814855,371
989059,405
833461,218
143496,319
813395,393
496440,245
733144,240
959860,315
188020,79
573980,368
234795,315
604859,165
758483,145
249157,125
193414,209
915487,183
694423,206
536033,88
100198,372
366462,267
763030,79
591157,486
487185,131
527563,343
797597,522
445897,371
153049,410
212053,459
373047,509
126015,470
864934,528
249770,149
697878,434
366271,228
328589,109
184190,160
966855,238
139121,342
320432,406
556519,119
611714,347
467163,176
365792,449
737157,444
626134,492
844716,273
257812,434
520242,430
951907,472
135204,316
629453,187
529298,117
371759,367
289530,198
383637,70
240709,304
547750,498
569756,529
896203,325
120230,349
250176,349
279331,293
577692,298
249897,216
444028,549
748311,366
364662,342
112647,100
300113,371
346797,400
277148,135
739012,447
326601,356
235244,224
835204,364
390157,526
378168,416
793883,360
281923,273
344143,175
434488,90
856651,223
289389,358
700416,345
741629,559
827753,159
746547,164
963352,362
838475,336
524386,421
476132,184
740930,414
724923,327
753719,485
180458,244
245136,127
698880,337
302198,392
420105,369
414402,284
288387,438
750389,220
727292,349
722314,114
607361,251
214482,107
352533,491
213092,283
977819,80
422625,409
954576,131
988589,82
243751,216
146891,386
647172,77
566019,535
116103,526
707539,281
119799,234
160545,559
784276,307
360837,211
686002,138
584753,259
380272,440
178375,285
550693,271
511340,298
325251,288
638419,542
533428,462
117727,102
637783,433
828282,95
765375,516
883450,554
972866,393
827735,92
442630,422
241685,81
615848,94
424608,280
427525,211
611822,281
493832,78
943570,94
783782,94
663867,263
740253,111
162439,204
764040,443
558444,557
118061,292
268491,360
606398,423
613426,481
894976,233
363821,77
270392,364
257583,416
998385,501
329597,127
991739,366
429602,247
457450,204
951201,440
670816,130
454813,518
232937,351
184613,160
530726,384
375327,330
465679,187
915527,360
241062,509
819202,168
414986,336
563232,302
278155,75
991789,346
109030,317
917684,552
311731,393
164958,131
357239,179
557496,521
642342,267
385039,251
847056,385
506017,285
620896,439
736152,330
348941,259
492242,544
132501,289
656836,343
479428,503
910116,229
107125,110
823532,340
149361,244
255600,389
592074,71
527565,118
450894,82
468193,127
900735,262
281924,502
998387,119
391482,562
248446,115
896168,297
321220,125
245074,364
482034,183
749563,411
209382,164
383199,164
828328,514
455734,69
583587,551
758097,217
488221,154
585532,531
225093,89
938948,347
684153,450
610460,462
154197,112
243721,220
556831,500
113822,386
443843,118
104021,334
880572,298
697492,465
685919,330
847581,362
720466,243
679000,356
903506,348
704418,320
333143,531
623896,99
746472,156
272488,352
534033,489
583891,155
377155,161
560290,258
845454,187
919901,451
361819,473
208943,269
303657,192
887307,514
955719,461
229353,197
401711,249
617681,97
706480,76
518184,256
849748,341
798779,503
861907,101
568209,157
521789,207
781609,429
994791,510
727636,480
757435,201
978604,376
953280,105
549109,397
804742,317
851787,151
164296,73
169029,528
401669,492
839372,383
708617,434
995190,484
469199,101
673527,312
614109,159
295344,394
336913,114
785051,308
454661,137
472860,356
100575,511
247640,518
160385,264
401733,116
530975,252
493491,207
346733,250
600132,521
705493,365
628628,394
654671,107
403336,210
760951,314
174870,205
231487,69
610359,197
865205,116
778312,246
407538,80
486529,349
229410,82
250714,164
635786,323
450462,272
207861,271
437713,432
545316,524
894961,135
943660,151
938804,470
279798,484
480366,484
891381,81
755144,345
380878,78
475155,522
242223,263
254863,341
840106,239
776695,164
616013,235
963060,516
498267,217
852171,353
778361,504
144086,567
826210,498
962682,551
335354,506
427820,434
410607,416
927057,104
392775,539
110297,115
137684,343
916975,192
379918,352
991305,468
495001,80
265886,227
693946,350
849634,412
423193,325
684925,434
550074,162
423978,415
656594,183
906203,419
831574,224
985842,84
543562,458
510883,108
124006,436
877888,232
847657,341
164837,511
545884,396
463634,108
641151,515
665275,404
111071,286
899920,369
642875,561
745912,310
686244,440
695069,332
102724,471
183514,450
739404,476
999583,179
769940,275
539016,441
553022,217
147904,400
644544,379
384537,565
948002,74
197567,205
546377,179
805057,206
639546,328
179980,326
924369,432
993969,214
765763,121
698794,377
550800,177
577675,559
824314,175
736087,254
748489,514
442360,232
724160,532
138108,381
481939,113
118129,171
523954,143
376465,156
445594,247
832948,464
690505,474
517532,368
131475,293
439744,489
245194,350
701628,247
594892,99
169957,284
493254,195
690983,339
107688,185
797214,236
802433,492
323634,389
139111,490
485540,511
406073,169
137734,399
836872,221
284449,540
413749,229
492187,428
410525,135
560031,475
239505,152
867904,224
177738,436
911273,284
538193,541
221607,454
764034,82
592164,407
742708,260
160569,294
180363,139
428468,295
584153,110
323706,209
444065,94
919440,302
563986,217
335939,420
130013,283
519336,326
193848,475
534375,458
230822,161
531187,523
588697,145
602076,407
291458,480
299057,79
106390,339
969905,90
487385,228
953073,185
730133,455
382251,86
204374,539
726507,202
703795,508
217867,281
603482,88
552640,230
129260,141
867812,464
117315,517
834545,340
501493,368
960418,75
474341,368
696056,376
345916,76
683168,145
218334,322
622372,508
482286,81
143089,175
716529,217
244703,521
510053,298
629976,101
445785,220
256815,312
272348,397
581128,530
393936,117
627481,269
679650,359
302458,554
455604,383
745679,555
417988,198
300420,258
477924,415
362043,216
768041,89
880250,191
191463,529
407910,495
247576,445
720951,259
126786,179
530211,307
548126,496
935379,264
681409,242
334725,111
709766,474
135010,118
319658,189
793663,373
296165,430
956012,240
214097,512
758347,526
357443,539
707055,263
890820,466
964401,220
445913,232
328475,494
339762,325
567108,399
516969,326
232811,312
725489,182
644204,462
188099,182
821128,523
382827,449
739326,162
904466,563
913838,89
843743,427
422715,285
618037,306
684569,78
767977,401
258317,365
475350,157
614583,462
607159,307
340839,434
296005,109
388252,137
152945,486
189457,356
655376,286
205113,193
897458,535
394382,355
729764,118
295968,458
480929,525
479035,526
327037,197
725724,260
806499,247
624132,84
245209,323
237181,273
635343,494
696198,517
975931,83
192470,218
691673,482
319457,350
727991,532
222624,92
497814,382
281922,500
332914,514
310945,171
550745,547
660016,429
565178,324
744103,501
144096,228
791102,394
131675,251
868682,416
700850,473
909215,296
358786,317
765137,511
517111,205
232102,490
317244,460
609461,565
662525,462
238706,328
403588,106
742778,358
155655,170
139929,521
314159,93
548986,452
577933,510
957107,336
194147,527
878979,458
127213,442
503040,415
367523,383
407458,461
264407,89
623039,134
782765,222
532746,76
880285,101
845910,108
169782,415
713291,301
607598,552
415198,114
798641,173
713750,294
647783,361
616133,233
132883,469
826619,453
252057,486
875724,281
330113,191
839540,284
457630,398
649626,210
165308,241
525262,383
624031,297
976991,215
545350,458
488038,255
639173,167
575330,294
954515,234
787569,478
874102,404
965351,555
207801,357
698221,225
243182,340
378715,484
683213,89
315928,416
961608,190
470618,516
800195,162
891424,170
883175,565
617997,253
548942,543
447110,402
192634,404
468187,296
908715,387
997558,340
752378,526
708627,542
202953,442
903028,553
584002,475
395967,181
724661,427
728911,79
895774,288
629122,295
130828,243
103858,464
287544,410
466631,334
699982,118
898887,81
226052,123
515657,365
661165,88
951169,526
415909,140
561381,265
745920,479
914283,154
526682,243
122530,152
204248,567
160169,359
605465,531
821860,493
947404,507
780475,461
872677,380
197008,380
286899,120
925908,359
902894,142
501565,142
338861,183
521264,143
270535,81
108283,224
212374,448
303937,325
860389,171
151119,69
286786,134
485276,350
460787,178
144254,254
671987,555
464858,341
781829,230
356445,175
939049,186
660755,425
544700,260
709565,186
529906,519
328538,492
577651,177
417969,150
801443,480
364391,446
668566,396
279306,206
900063,377
150191,532
500884,388
883320,268
137125,545
933311,302
358348,480
567781,253
720766,507
772535,92
675651,96
692903,142
368332,343
741299,142
161860,543
614246,243
369826,258
399356,378
745223,78
826365,442
794229,514
889273,85
576977,93
837227,519
963468,463
293673,411
987491,203
570103,228
480667,334
538307,554
125837,471
140774,399
601167,172
848731,252
446296,390
811933,76
905314,310
998716,251
752126,403
925624,371
527313,217
268155,428
963466,253
180438,194
764888,163
312721,560
782933,140
127472,282
710040,222
165482,296
748179,327
401766,228
515280,234
809356,497
652341,401
500413,133
865211,204
848528,278
759826,69
675158,346
892019,479
308166,206
331191,559
827042,266
845718,537
698942,278
356675,230
689510,184
314235,109
706433,205
564468,323
164824,539
300025,199
937008,566
848710,72
825789,232
806612,80
580210,204
108103,231
843700,387
527772,355
825682,432
774609,389
967180,255
713978,136
129219,83
752471,241
324242,551
934620,220
899652,260
412150,450
818173,561
725515,108
497534,264
877098,383
326938,419
165240,318
249513,119
797669,356
376526,529
482052,519
734784,384
631027,451
420244,474
817497,502
636672,106
158274,138
632174,325
732350,225
824167,217
725062,305
190102,394
809146,127
863553,281
454892,230
803683,554
411663,488
600460,450
882226,399
226225,524
921300,319
657861,547
225787,395
539925,106
203724,182
638033,413
938234,95
890676,561
246382,329
378993,348
847083,132
897025,298
237582,530
141919,147
446954,98
433687,545
271457,477
301652,292
780233,473
125331,265
250388,483
964201,324
639620,411
750667,363
948427,113
574618,175
103032,162
403716,117
406809,242
172731,343
896248,410
191705,442
220374,465
212062,354
183317,150
532574,355
934114,315
426405,311
334840,489
811598,447
440630,67
262964,225
745765,238
679455,187
886551,419
449475,125
302001,217
279086,530
407273,298
890535,258
933827,484
230548,114
770555,236
594857,535
255397,555
477253,500
816400,460
551065,321
969381,183
854650,303
662444,185
335848,242
831649,514
846986,438
692238,534
976199,124
415650,358
696918,394
125426,309
266540,546
906138,225
218761,404
667384,135
788997,405
405902,69
274927,121
314013,110
523484,101
566648,170
964378,228
854065,274
159733,497
759734,368
790659,340
725197,109
956718,317
271795,343
253951,503
240428,236
231290,233
984143,376
475903,195
465359,442
294095,104
944326,100
859245,488
218145,304
590946,303
218449,545
229919,323
521111,175
933791,419
773695,406
884590,425
503994,115
837122,357
116940,71
872312,263
753234,176
806944,495
902720,558
836755,200
331032,371
410430,442
203238,527
888517,512
750687,238
858796,134
447084,227
488184,544
360806,157
155786,183
621508,357
501359,404
416207,385
572164,199
133829,324
272213,176
402785,239
540413,441
240716,233
279210,146
716385,98
211204,344
231818,231
930589,382
321805,183
338951,136
905824,167
104070,109
577265,164
631435,267
525586,371
759412,162
853578,257
694089,317
654061,305
408932,214
266657,392
579154,450
133902,217
477961,431
356771,472
259489,317
856996,306
881113,398
273193,136
418737,227
251848,510
536228,475
128718,514
617073,288
226998,526
453224,548
762824,402
965059,356
905461,270
811723,516
162445,348
338615,160
459633,500
240443,119
639241,491
531420,278
271736,187
189569,245
718041,520
147605,418
679739,128
894866,341
649772,226
139127,86
427455,245
875207,206
572283,487
939896,363
872310,100
880627,96
680231,71
131109,260
209013,517
988406,112
313087,253
249685,214
352599,371
791516,167
538330,425
511756,348
462425,211
582636,243
426633,430
786692,453
548834,435
532613,94
681414,256
581056,177
809151,87
657981,246
496497,286
978475,202
466110,178
967536,132
617691,268
822359,275
466038,371
914509,91
983249,125
665949,444
513109,152
897103,316
601295,268
717840,372
764266,241
852091,119
589822,297
919956,406
206209,186
445647,338
829408,441
377015,119
615799,223
364561,416
830215,202
225908,354
448821,469
426262,261
735052,185
615997,514
775357,513
141251,434
698130,530
986233,303
581082,553
520677,131
528549,440
463167,136
682700,343
223893,347
153497,259
160206,508
630495,127
252577,151
794016,468
841195,372
246441,545
780325,404
548445,481
442572,270
607230,71
886636,268
892714,222
229669,143
941070,243
395411,315
998558,397
975418,502
271798,379
956361,260
651918,547
285145,533
778197,279
579935,229
617061,167
664746,136
577897,437
182266,124
603957,427
637628,95
976920,185
290854,280
973383,105
479461,94
138899,471
776629,146
702418,349
474918,355
113250,459
107674,332
560924,264
345968,385
205335,296
868988,410
670396,472
862504,121
786213,495
492429,113
981656,71
662494,444
883456,473
978852,369
570316,338
725632,86
881653,302
262590,539
132388,355
692072,266
571696,444
473597,278
176994,566
817184,106
299091,449
528277,194
276543,245
685183,72
905111,265
263318,500
207951,236
428258,446
417462,165
818008,234
524564,428
229129,264
865049,421
854444,429
645787,107
841355,240
221196,220
930481,522
581667,83
687117,542
920812,432
374867,252
119664,252
838305,289
726358,381
294258,359
199446,485
933003,145
331721,176
865972,146
248808,276
597057,438
706429,210
297004,505
924501,71
958095,224
136837,154
487788,445
318964,531
644789,211
154918,189
726997,72
445225,88
844380,432
816004,509
183200,538
299109,161
617085,307
723777,90
868376,305
693310,445
721495,192
644919,247
164288,290
563171,403
461877,474
825371,406
836996,503
744334,363
396315,207
906388,251
744539,134
735843,419
687996,281
355358,391
166368,463
640093,314
217702,510
975277,291
844661,501
724213,430
324700,491
753852,279
519366,249
829357,397
606717,306
313480,149
991442,501
126275,542
466531,293
754335,196
451879,241
840884,157
342771,77
210472,252
517848,508
996934,301
591494,137
136669,302
401473,543
155442,385
619395,180
595394,213
546354,224
766900,84
148983,323
203770,344
754721,108
274411,322
503484,236
995761,477
397862,333
852546,313
212950,461
423106,183
881816,291
458136,434
624669,237
192291,548
438466,281
993291,518
754295,264
748032,382
417962,391
394389,447
594819,489
124983,76
227845,487
527896,195
537267,378
521698,434
905384,242
947108,68
762062,148
174234,456
269622,301
327466,429
102218,194
876298,289
165572,303
163104,382
731217,164
800021,420
628240,185
722781,203
237314,426
808989,415
844868,245
463099,456
908409,129
582170,275
554037,94
186999,336
579737,294
103765,377
895733,310
468324,381
357958,125
593636,208
188049,495
535205,351
402646,414
196491,155
457969,500
140406,69
317296,189
384153,460
885825,220
329980,342
372025,317
441865,174
387791,369
702276,481
452434,340
418349,93
538654,320
399633,311
133439,514
899498,241
640636,162
200813,527
984218,380
895592,271
950361,417
706501,300
179624,393
637622,144
209861,133
553221,453
701545,93
280876,328
485719,422
677574,336
130387,298
618090,177
369342,173
565236,528
192077,416
860434,325
608261,355
352357,435
807646,69
560340,558
242550,384
829107,172
190989,418
155874,520
781794,269
372601,106
899564,172
808643,412
551708,524
491607,167
410147,388
443493,75
677122,257
572701,542
540835,416
792006,74
879714,122
326070,152
441948,404
481673,93
546050,546
172452,392
261212,240
740115,312
980912,262
178334,477
456329,421
574250,485
401903,151
903783,554
782905,151
682352,335
166341,400
599324,323
819309,149
478886,193
279406,72
688797,210
203232,428
572938,564
847006,225
457141,400
537949,440
608699,536
996613,245
750201,482
667149,439
869157,278
174460,444
423130,231
217651,447
888214,461
508505,77
458529,254
156926,217
318543,566
307051,452
543144,106
285853,465
166949,299
255139,217
161799,418
877090,348
788574,230
359692,154
676868,99
219478,508
878534,112
590503,159
184511,131
715960,136
413351,508
323538,416
148830,411
546493,509
339781,455
865022,548
432463,523
771440,514
543719,193
393698,174
659576,292
431853,225
258837,321
264385,113
962099,534
519667,442
318188,463
815384,315
679581,365
549322,333
933511,115
351888,306
264647,554
799867,261
672530,440
618533,256
729952,400
753223,536
987675,428
804682,270
301292,255
104290,88
193371,292
169714,96
912258,506
771575,187
550817,344
808399,290
879678,468
653727,344
506677,302
813086,489
873043,403
623540,343
898762,320
527140,450
949207,276
957807,315
138371,136
500777,239
692224,541
941768,423
748367,141
755932,116
217490,559
443952,398
809243,395
221716,124
952823,307
241710,257
658425,221
778500,167
950153,194
587672,112
378401,407
170935,208
600368,395
900293,531
738886,491
673015,187
687804,311
445853,193
944970,385
503668,200
173362,262
192230,240
246801,80
991062,115
838782,364
426596,250
265089,563
947155,262
678249,195
993824,238
968394,517
255406,460
387190,165
405895,417
599129,408
774723,380
352289,300
709112,357
983353,266
424041,564
423780,304
992594,164
419256,489
266013,134
249494,186
474915,256
636991,527
413558,388
644953,122
986380,140
440997,208
648241,166
881776,485
492167,274
400647,111
786707,112
903069,235
570609,507
838300,72
217347,446
526122,121
396175,257
235874,398
494623,345
738848,193
722605,112
719232,123
739791,288
858058,318
249257,244
123877,459
428789,365
213745,96
284321,207
310133,146
458985,91
635342,389
536320,244
374256,273
750012,280
907944,494
426054,83
220262,148
479810,321
453534,76
385645,556
270362,335
493156,131
102385,108
316154,529
333011,342
664802,269
853998,473
564747,404
743554,562
198147,356
197234,367
423672,327
526886,253
596742,502
971544,172
141976,450
896313,73
452045,139
142701,494
553266,529
392233,158
921061,381
390253,80
328228,139
452441,438
551452,216
518110,355
204347,421
356283,71
884676,480
872654,361
472348,530
834782,509
444140,155
385847,557
837558,309
146453,337
511478,157
617714,408
333019,505
692253,249
177362,381
466455,375
803815,298
343923,111
471001,296
165884,222
481094,275
151409,200
348506,160
427077,154
672490,452
762633,336
365613,422
635227,222
672216,359
906147,221
688686,424
424828,100
291996,359
310392,104
274511,338
812956,293
332041,288
583888,206
326720,455
658118,96
294580,404
442444,297
899364,369
102051,210
593594,216
750688,198
403247,445
418858,389
174128,555
222076,151
499428,316
739975,162
332079,550
159527,337
472481,368
640073,111
503380,160
749317,395
949419,523
320110,287
187130,203
948475,460
887630,410
709759,518
719905,337
570940,475
227164,356
208625,276
560801,82
603235,216
188965,357
680353,210
695699,432
404942,449
339376,535
768038,215
477379,566
894365,489
213363,480
988348,379
311707,277
240125,282
480492,116
617507,86
885080,342
446684,178
466815,486
786973,423
572126,311
439222,123
413485,459
841918,355
247159,490
780942,304
106754,233
292812,525
577054,292
191846,167
997203,492
215578,119
714911,476
935939,330
987598,524
608719,248
239892,298
140688,373
275991,159
155048,191
586312,430
313635,291
643986,76
517147,420
846179,379
884613,504
528874,242
915123,264
998547,497
903297,561
711120,400
130988,110
948013,259
739223,356
336697,98
710107,533
222212,214
289960,279
597123,124
322439,86
122143,101
835945,474
185453,420
381390,348
684308,372
180011,314
131223,511
793827,275
180815,96
853292,99
442130,86
149102,246
661499,558
872977,237
169761,442
459945,103
332277,494
485268,561
893233,125
418419,167
576835,239
657208,350
872748,271
872754,333
945015,557
696547,557
579772,436
681483,395
478261,381
564645,120
542656,428
595992,525
383719,132
220568,165
372961,149
781228,100
986934,562
631545,107
918538,491
543325,437
594244,97
238404,227
495779,312
764312,530
301901,533
669966,466
376597,222
691407,72
235128,203
773535,267
611834,388
439113,93
201501,208
813355,331
585380,218
201822,469
454952,516
951930,305
762894,178
993400,418
110395,83
241201,311
985830,384
415289,444
743834,191
164189,543
689151,341
385616,148
945942,101
348696,334
108106,414
362881,247
575506,230
734582,328
408571,161
968476,130
411831,332
426972,493
342586,491
962828,366
316429,430
301781,283
728399,216
714358,145
523007,194
123737,222
189086,264
997698,492
745564,362
544555,263
532749,326
458589,330
810309,507
114227,187
371367,236
664197,258
251700,320
127799,187
283163,412
623214,226
687039,136
420015,118
905917,283
155212,114
726110,476
613549,508
718061,543
401177,89
137247,156
100975,533
781713,255
801913,455
299758,179
721837,339
338895,276
197865,102
545669,183
129472,96
979840,558
592910,93
302062,150
731215,236
485692,417
128003,488
906071,451
225675,205
222840,413
559398,152
907617,185
806157,521
318520,130
200290,373
616087,369
730935,329
415155,202
450532,356
284739,74
245166,361
799647,286
529502,414
630421,523
883334,432
333840,466
709268,287
237933,301
825158,442
213246,373
253316,475
845868,150
879483,292
122925,416
863926,566
377416,150
721909,415
620610,205
272429,498
794040,330
810784,244
766077,280
301484,293
834063,411
785441,424
276814,167
384951,162
549366,461
707833,183
975440,475
803248,524
553741,557
286581,195
268582,453
322460,121
909659,93
843540,388
220113,73
587209,79
140126,84
171133,151
911488,439
326395,146
939882,271
113482,279
914104,546
359518,295
330546,198
696324,468
681930,69
764892,469
233577,529
919039,72
103472,237
359200,153
679504,205
100417,103
565658,547
269504,212
218129,161
963376,133
672347,69
362647,105
416984,506
688457,516
322936,250
735984,269
718000,209
247900,76
279683,328
318598,99
872278,424
155281,152
495394,407
417676,565
636003,556
524798,111
935406,160
628283,331
899179,103
442971,214
861525,362
124961,516
680423,534
949066,173
262813,80
641157,367
885614,451
603298,315
920595,246
503076,374
371995,469
518920,461
902997,457
794398,86
678130,200
392864,455
811147,463
239572,120
771778,212
290585,324
397382,157
807817,507
650747,144
258540,380
497510,213
899228,348
950781,540
327414,256
215459,512
268447,403
162406,129
208946,535
730998,468
375901,287
289647,460
634326,178
980463,499
652960,485
602892,169
854732,377
217399,457
868476,213
889773,135
320039,331
607381,256
816161,236
946901,253
194440,128
859335,118
393166,213
521570,133
891767,474
308624,162
243955,405
848930,87
969438,197
822937,559
898710,455
700172,347
175151,380
430743,81
825463,520
904975,193
247607,467
189756,298
400884,482
489187,463
100276,295
923568,230
873893,287
218330,113
140613,205
605091,131
858025,562
920315,222
138238,524
318507,449
710818,539
944964,504
535254,492
683123,554
404721,171
992878,332
722028,473
713605,108
610610,166
802336,314
492584,170
679430,499
846204,182
833550,182
415726,489
242014,395
771810,88
250421,383
228531,334
459866,553
259293,244
768835,418
741448,459
669941,365
627921,289
472194,348
789154,376
499204,390
205517,500
914622,279
617698,405
761954,112
988161,290
170462,329
693008,501
626226,86
198389,89
133458,355
231810,268
572623,161
412429,306
679641,357
629004,234
799035,239
425838,102
646976,395
500372,214
